{
  "id": "3527070",
  "name": "haoke",
  "font_family": "iconfont",
  "css_prefix_text": "icon-",
  "description": "",
  "glyphs": [
    {
      "icon_id": "1082",
      "name": "电视机",
      "font_class": "dianshiji",
      "unicode": "e600",
      "unicode_decimal": 58880
    },
    {
      "icon_id": "658907",
      "name": "洗衣机",
      "font_class": "xiyiji",
      "unicode": "e67d",
      "unicode_decimal": 59005
    },
    {
      "icon_id": "1264639",
      "name": "好房拓 4.0.0 iconfont 2_宽带",
      "font_class": "kuandai",
      "unicode": "e6fa",
      "unicode_decimal": 59130
    },
    {
      "icon_id": "1264641",
      "name": "好房拓 4.0.0 iconfont 2_热水器",
      "font_class": "reshuiqi",
      "unicode": "e6fc",
      "unicode_decimal": 59132
    },
    {
      "icon_id": "5035159",
      "name": "沙发",
      "font_class": "shafa",
      "unicode": "e628",
      "unicode_decimal": 58920
    },
    {
      "icon_id": "5035161",
      "name": "衣柜",
      "font_class": "yigui",
      "unicode": "e629",
      "unicode_decimal": 58921
    },
    {
      "icon_id": "5961301",
      "name": "冰箱",
      "font_class": "bingxiang",
      "unicode": "ec4f",
      "unicode_decimal": 60495
    },
    {
      "icon_id": "6420507",
      "name": "暖气",
      "font_class": "nuanqi-",
      "unicode": "e60f",
      "unicode_decimal": 58895
    },
    {
      "icon_id": "6605937",
      "name": "96天然气",
      "font_class": "tianranqi",
      "unicode": "e653",
      "unicode_decimal": 58963
    },
    {
      "icon_id": "11832286",
      "name": "空调",
      "font_class": "kongtiao",
      "unicode": "e73a",
      "unicode_decimal": 59194
    }
  ]
}
